﻿Username,ID,Type,CompanyID,FirstName,LastName,Email,Phone,HomeBranch,Credit,CVV,ValidMonth,ValidYear,WalletBalance
C46,315824407,Private,-1,Dan,Cohen,TechGuru21@gmail.com,0501234567,North,4580160113664556,245,4,2026,0
C47,457216489,Business,3,Lior,Elad,CreativeMindX@gmail.com,0549876543,North,-1,-1,-1,-1,0
C48,354215689,Private,-1,Shani,Raz,ChillVibes007@gmail.com,0502345678,North,4580113336884758,113,7,2027,0
C49,244751689,Private,-1,Zohar,Gerber,CosmicTraveler86@gmail.com,0548765432,Center,4580130144578845,555,3,2028,0
C50,475887541,Business,4,Hagai,Zion,CodeMasterPro@gmail.com,0503456789,Center,-1,-1,-1,-1,0
C51,054226699,Private,-1,Ben,Gev,WanderlustDreamer@gmail.com,0547654321,Center,4580130122585789,667,9,2029,0
C52,155946359,Private,-1,Tal,Gal,PixelArtist99@gmail.com,0504567890,South,4580337845689558,334,5,2029,0
C53,447566925,Business,2,Roni,Shmoal,UrbanExplorer58@gmail.com,0546543210,South,-1,-1,-1,-1,0
C54,555466256,Private,-1,Gil,Suscin,ZenFocus123@gmail.com,0505678901,South,4580133056229984,667,11,2035,0
